project,access,agent,granularity,timestamp,views
en.wikipedia,all-access,user,daily,2015070100,243497551
en.wikipedia,all-access,user,daily,2015070200,241866978
en.wikipedia,all-access,user,daily,2015070300,226919786
en.wikipedia,all-access,user,daily,2015070400,226583272
en.wikipedia,all-access,user,daily,2015070500,240912348
en.wikipedia,all-access,user,daily,2015070600,269069794
en.wikipedia,all-access,user,daily,2015070700,258154609
en.wikipedia,all-access,user,daily,2015070800,251655648
en.wikipedia,all-access,user,daily,2015070900,247520462
en.wikipedia,all-access,user,daily,2015071000,243476493
en.wikipedia,all-access,user,daily,2015071100,230702775
en.wikipedia,all-access,user,daily,2015071200,252692016
en.wikipedia,all-access,user,daily,2015071300,261379918
en.wikipedia,all-access,user,daily,2015071400,260845547
en.wikipedia,all-access,user,daily,2015071500,251635024
en.wikipedia,all-access,user,daily,2015071600,246994967
en.wikipedia,all-access,user,daily,2015071700,234952802
en.wikipedia,all-access,user,daily,2015071800,227727080
en.wikipedia,all-access,user,daily,2015071900,244964019
en.wikipedia,all-access,user,daily,2015072000,259802781
en.wikipedia,all-access,user,daily,2015072100,252873968
en.wikipedia,all-access,user,daily,2015072200,249171981
en.wikipedia,all-access,user,daily,2015072300,249719091
en.wikipedia,all-access,user,daily,2015072400,242932359
en.wikipedia,all-access,user,daily,2015072500,235267986
en.wikipedia,all-access,user,daily,2015072600,248140851
en.wikipedia,all-access,user,daily,2015072700,258529123
en.wikipedia,all-access,user,daily,2015072800,258683054
en.wikipedia,all-access,user,daily,2015072900,264336559
en.wikipedia,all-access,user,daily,2015073000,246860213
en.wikipedia,all-access,user,daily,2015073100,237552925
en.wikipedia,all-access,user,daily,2015080100,226800870
en.wikipedia,all-access,user,daily,2015080200,239656517
en.wikipedia,all-access,user,daily,2015080300,228375350
en.wikipedia,all-access,user,daily,2015080400,250010790
en.wikipedia,all-access,user,daily,2015080500,249349340
en.wikipedia,all-access,user,daily,2015080600,246613997
en.wikipedia,all-access,user,daily,2015080700,246034293
en.wikipedia,all-access,user,daily,2015080800,231022687
en.wikipedia,all-access,user,daily,2015080900,248951046
en.wikipedia,all-access,user,daily,2015081000,247047000
en.wikipedia,all-access,user,daily,2015081100,253841323
en.wikipedia,all-access,user,daily,2015081200,249387622
en.wikipedia,all-access,user,daily,2015081300,247062254
en.wikipedia,all-access,user,daily,2015081400,240888656
en.wikipedia,all-access,user,daily,2015081500,230497886
en.wikipedia,all-access,user,daily,2015081600,250034184
en.wikipedia,all-access,user,daily,2015081700,261042938
en.wikipedia,all-access,user,daily,2015081800,256559156
en.wikipedia,all-access,user,daily,2015081900,252688334
en.wikipedia,all-access,user,daily,2015082000,249434064
en.wikipedia,all-access,user,daily,2015082100,242479338
en.wikipedia,all-access,user,daily,2015082200,230811252
en.wikipedia,all-access,user,daily,2015082300,252886340
en.wikipedia,all-access,user,daily,2015082400,261039667
en.wikipedia,all-access,user,daily,2015082500,258761786
en.wikipedia,all-access,user,daily,2015082600,254101370
en.wikipedia,all-access,user,daily,2015082700,245831137
en.wikipedia,all-access,user,daily,2015082800,240464889
en.wikipedia,all-access,user,daily,2015082900,230416295
en.wikipedia,all-access,user,daily,2015083000,247881805
en.wikipedia,all-access,user,daily,2015083100,264843035
en.wikipedia,all-access,user,daily,2015090100,252926303
en.wikipedia,all-access,user,daily,2015090200,256337644
en.wikipedia,all-access,user,daily,2015090300,259181927
en.wikipedia,all-access,user,daily,2015090400,246656953
en.wikipedia,all-access,user,daily,2015090500,240140754
en.wikipedia,all-access,user,daily,2015090600,261547228
en.wikipedia,all-access,user,daily,2015090700,280607166
en.wikipedia,all-access,user,daily,2015090800,292600143
en.wikipedia,all-access,user,daily,2015090900,267391872
en.wikipedia,all-access,user,daily,2015091000,255912725
en.wikipedia,all-access,user,daily,2015091100,258604993
en.wikipedia,all-access,user,daily,2015091200,247387657
en.wikipedia,all-access,user,daily,2015091300,267025866
en.wikipedia,all-access,user,daily,2015091400,272400818
en.wikipedia,all-access,user,daily,2015091500,269106706
en.wikipedia,all-access,user,daily,2015091600,247869373
en.wikipedia,all-access,user,daily,2015091700,251305605
en.wikipedia,all-access,user,daily,2015091800,238067221
en.wikipedia,all-access,user,daily,2015091900,228698100
en.wikipedia,all-access,user,daily,2015092000,253655851
en.wikipedia,all-access,user,daily,2015092100,266806347
en.wikipedia,all-access,user,daily,2015092200,256616975
en.wikipedia,all-access,user,daily,2015092300,254380575
en.wikipedia,all-access,user,daily,2015092400,248737740
en.wikipedia,all-access,user,daily,2015092500,239108699
en.wikipedia,all-access,user,daily,2015092600,224282227
en.wikipedia,all-access,user,daily,2015092700,245736719
en.wikipedia,all-access,user,daily,2015092800,264016747
en.wikipedia,all-access,user,daily,2015092900,256642184
en.wikipedia,all-access,user,daily,2015093000,251941919
en.wikipedia,all-access,user,daily,2015100100,238845634
en.wikipedia,all-access,user,daily,2015100200,234121441
en.wikipedia,all-access,user,daily,2015100300,221478394
en.wikipedia,all-access,user,daily,2015100400,244396567
en.wikipedia,all-access,user,daily,2015100500,259720123
en.wikipedia,all-access,user,daily,2015100600,262502284
en.wikipedia,all-access,user,daily,2015100700,261144512
en.wikipedia,all-access,user,daily,2015100800,253684153
en.wikipedia,all-access,user,daily,2015100900,240085034
en.wikipedia,all-access,user,daily,2015101000,228090660
en.wikipedia,all-access,user,daily,2015101100,244687728
en.wikipedia,all-access,user,daily,2015101200,265428342
en.wikipedia,all-access,user,daily,2015101300,265408182
en.wikipedia,all-access,user,daily,2015101400,262880270
en.wikipedia,all-access,user,daily,2015101500,253972086
en.wikipedia,all-access,user,daily,2015101600,238920598
en.wikipedia,all-access,user,daily,2015101700,226143828
en.wikipedia,all-access,user,daily,2015101800,249614981
en.wikipedia,all-access,user,daily,2015101900,266948319
en.wikipedia,all-access,user,daily,2015102000,268204292
en.wikipedia,all-access,user,daily,2015102100,259478470
en.wikipedia,all-access,user,daily,2015102200,258182519
en.wikipedia,all-access,user,daily,2015102300,248363326
en.wikipedia,all-access,user,daily,2015102400,230870391
en.wikipedia,all-access,user,daily,2015102500,251712929
en.wikipedia,all-access,user,daily,2015102600,264693228
en.wikipedia,all-access,user,daily,2015102700,263104847
en.wikipedia,all-access,user,daily,2015102800,257566202
en.wikipedia,all-access,user,daily,2015102900,254951606
en.wikipedia,all-access,user,daily,2015103000,242440748
en.wikipedia,all-access,user,daily,2015103100,228390193
en.wikipedia,all-access,user,daily,2015110100,244925316
en.wikipedia,all-access,user,daily,2015110200,266333615
en.wikipedia,all-access,user,daily,2015110300,257036022
en.wikipedia,all-access,user,daily,2015110400,258720015
en.wikipedia,all-access,user,daily,2015110500,259982859
en.wikipedia,all-access,user,daily,2015110600,245378536
en.wikipedia,all-access,user,daily,2015110700,230285363
en.wikipedia,all-access,user,daily,2015110800,252451540
en.wikipedia,all-access,user,daily,2015110900,269146272
en.wikipedia,all-access,user,daily,2015111000,260477670
en.wikipedia,all-access,user,daily,2015111100,253035102
en.wikipedia,all-access,user,daily,2015111200,254436694
en.wikipedia,all-access,user,daily,2015111300,237123478
en.wikipedia,all-access,user,daily,2015111400,227440576
en.wikipedia,all-access,user,daily,2015111500,252710366
en.wikipedia,all-access,user,daily,2015111600,264104145
en.wikipedia,all-access,user,daily,2015111700,261775991
en.wikipedia,all-access,user,daily,2015111800,258249617
en.wikipedia,all-access,user,daily,2015111900,254057860
en.wikipedia,all-access,user,daily,2015112000,241774193
en.wikipedia,all-access,user,daily,2015112100,229454848
en.wikipedia,all-access,user,daily,2015112200,250837316
en.wikipedia,all-access,user,daily,2015112300,262154748
en.wikipedia,all-access,user,daily,2015112400,256203864
en.wikipedia,all-access,user,daily,2015112500,244123520
en.wikipedia,all-access,user,daily,2015112600,239140879
en.wikipedia,all-access,user,daily,2015112700,231815803
en.wikipedia,all-access,user,daily,2015112800,237243517
en.wikipedia,all-access,user,daily,2015112900,255125293
en.wikipedia,all-access,user,daily,2015113000,268776272
en.wikipedia,all-access,user,daily,2015120100,259656743
en.wikipedia,all-access,user,daily,2015120200,256846437
en.wikipedia,all-access,user,daily,2015120300,250181767
en.wikipedia,all-access,user,daily,2015120400,243147022
en.wikipedia,all-access,user,daily,2015120500,226949236
en.wikipedia,all-access,user,daily,2015120600,250874359
en.wikipedia,all-access,user,daily,2015120700,271463314
en.wikipedia,all-access,user,daily,2015120800,265208583
en.wikipedia,all-access,user,daily,2015120900,260830080
en.wikipedia,all-access,user,daily,2015121000,252273451
en.wikipedia,all-access,user,daily,2015121100,246507757
en.wikipedia,all-access,user,daily,2015121200,230084048
en.wikipedia,all-access,user,daily,2015121300,253019372
en.wikipedia,all-access,user,daily,2015121400,267244443
en.wikipedia,all-access,user,daily,2015121500,252637187
en.wikipedia,all-access,user,daily,2015121600,245121409
en.wikipedia,all-access,user,daily,2015121700,239877908
en.wikipedia,all-access,user,daily,2015121800,225118505
en.wikipedia,all-access,user,daily,2015121900,214182461
en.wikipedia,all-access,user,daily,2015122000,229191823
en.wikipedia,all-access,user,daily,2015122100,242870461
en.wikipedia,all-access,user,daily,2015122200,233938580
en.wikipedia,all-access,user,daily,2015122300,222171594
en.wikipedia,all-access,user,daily,2015122400,207005981
en.wikipedia,all-access,user,daily,2015122500,202844977
en.wikipedia,all-access,user,daily,2015122600,224566991
en.wikipedia,all-access,user,daily,2015122700,234846351
en.wikipedia,all-access,user,daily,2015122800,248578302
en.wikipedia,all-access,user,daily,2015122900,248974194
en.wikipedia,all-access,user,daily,2015123000,244020967
en.wikipedia,all-access,user,daily,2015123100,226053041
en.wikipedia,all-access,user,daily,2016010100,234271982
en.wikipedia,all-access,user,daily,2016010200,258962263
en.wikipedia,all-access,user,daily,2016010300,265276913
en.wikipedia,all-access,user,daily,2016010400,269330004
en.wikipedia,all-access,user,daily,2016010500,263841110
en.wikipedia,all-access,user,daily,2016010600,262656618
en.wikipedia,all-access,user,daily,2016010700,260283606
en.wikipedia,all-access,user,daily,2016010800,252844185
en.wikipedia,all-access,user,daily,2016010900,245587830
en.wikipedia,all-access,user,daily,2016011000,267691389
en.wikipedia,all-access,user,daily,2016011100,296901690
en.wikipedia,all-access,user,daily,2016011200,272247505
en.wikipedia,all-access,user,daily,2016011300,264684802
en.wikipedia,all-access,user,daily,2016011400,265062630
en.wikipedia,all-access,user,daily,2016011500,252608966
en.wikipedia,all-access,user,daily,2016011600,244441245
en.wikipedia,all-access,user,daily,2016011700,265446747
en.wikipedia,all-access,user,daily,2016011800,276171426
en.wikipedia,all-access,user,daily,2016011900,275603217
en.wikipedia,all-access,user,daily,2016012000,265544825
en.wikipedia,all-access,user,daily,2016012100,263782691
en.wikipedia,all-access,user,daily,2016012200,258477861
en.wikipedia,all-access,user,daily,2016012300,248002891
en.wikipedia,all-access,user,daily,2016012400,271086304
en.wikipedia,all-access,user,daily,2016012500,281303675
en.wikipedia,all-access,user,daily,2016012600,271010141
en.wikipedia,all-access,user,daily,2016012700,268653701
en.wikipedia,all-access,user,daily,2016012800,262267936
en.wikipedia,all-access,user,daily,2016012900,253457572
en.wikipedia,all-access,user,daily,2016013000,244539875
en.wikipedia,all-access,user,daily,2016013100,271974703
en.wikipedia,all-access,user,daily,2016020100,280811736
en.wikipedia,all-access,user,daily,2016020200,270619588
en.wikipedia,all-access,user,daily,2016020300,268496546
en.wikipedia,all-access,user,daily,2016020400,262282329
en.wikipedia,all-access,user,daily,2016020500,253827747
en.wikipedia,all-access,user,daily,2016020600,239135560
en.wikipedia,all-access,user,daily,2016020700,262201340
en.wikipedia,all-access,user,daily,2016020800,280618979
en.wikipedia,all-access,user,daily,2016020900,263616192
en.wikipedia,all-access,user,daily,2016021000,262371873
en.wikipedia,all-access,user,daily,2016021100,254138725
en.wikipedia,all-access,user,daily,2016021200,248027716
en.wikipedia,all-access,user,daily,2016021300,239473862
en.wikipedia,all-access,user,daily,2016021400,257933079
en.wikipedia,all-access,user,daily,2016021500,273788427
en.wikipedia,all-access,user,daily,2016021600,278932636
en.wikipedia,all-access,user,daily,2016021700,265903269
en.wikipedia,all-access,user,daily,2016021800,259079641
en.wikipedia,all-access,user,daily,2016021900,252201780
en.wikipedia,all-access,user,daily,2016022000,241983564
en.wikipedia,all-access,user,daily,2016022100,265840183
en.wikipedia,all-access,user,daily,2016022200,281053185
en.wikipedia,all-access,user,daily,2016022300,267725274
en.wikipedia,all-access,user,daily,2016022400,262386296
en.wikipedia,all-access,user,daily,2016022500,260980282
en.wikipedia,all-access,user,daily,2016022600,245263726
en.wikipedia,all-access,user,daily,2016022700,234556490
en.wikipedia,all-access,user,daily,2016022800,258673995
en.wikipedia,all-access,user,daily,2016022900,293935437
en.wikipedia,all-access,user,daily,2016030100,266638867
en.wikipedia,all-access,user,daily,2016030200,263293471
en.wikipedia,all-access,user,daily,2016030300,263178571
en.wikipedia,all-access,user,daily,2016030400,251138775
en.wikipedia,all-access,user,daily,2016030500,241721072
en.wikipedia,all-access,user,daily,2016030600,260785666
en.wikipedia,all-access,user,daily,2016030700,271285555
en.wikipedia,all-access,user,daily,2016030800,258425104
en.wikipedia,all-access,user,daily,2016030900,257578657
en.wikipedia,all-access,user,daily,2016031000,250068872
en.wikipedia,all-access,user,daily,2016031100,239428505
en.wikipedia,all-access,user,daily,2016031200,227847654
en.wikipedia,all-access,user,daily,2016031300,248057656
en.wikipedia,all-access,user,daily,2016031400,261924323
en.wikipedia,all-access,user,daily,2016031500,249843398
en.wikipedia,all-access,user,daily,2016031600,251223493
en.wikipedia,all-access,user,daily,2016031700,247638705
en.wikipedia,all-access,user,daily,2016031800,231929284
en.wikipedia,all-access,user,daily,2016031900,220542415
en.wikipedia,all-access,user,daily,2016032000,240502350
en.wikipedia,all-access,user,daily,2016032100,252763129
en.wikipedia,all-access,user,daily,2016032200,240114325
en.wikipedia,all-access,user,daily,2016032300,236637085
en.wikipedia,all-access,user,daily,2016032400,233711775
en.wikipedia,all-access,user,daily,2016032500,232185561
en.wikipedia,all-access,user,daily,2016032600,227308696
en.wikipedia,all-access,user,daily,2016032700,242242368
en.wikipedia,all-access,user,daily,2016032800,261401980
en.wikipedia,all-access,user,daily,2016032900,255384415
en.wikipedia,all-access,user,daily,2016033000,247465256
en.wikipedia,all-access,user,daily,2016033100,241007634
en.wikipedia,all-access,user,daily,2016040100,231895897
en.wikipedia,all-access,user,daily,2016040200,226095951
en.wikipedia,all-access,user,daily,2016040300,246612722
en.wikipedia,all-access,user,daily,2016040400,261353883
en.wikipedia,all-access,user,daily,2016040500,255371954
en.wikipedia,all-access,user,daily,2016040600,256999315
en.wikipedia,all-access,user,daily,2016040700,250006184
en.wikipedia,all-access,user,daily,2016040800,240780622
en.wikipedia,all-access,user,daily,2016040900,230952517
en.wikipedia,all-access,user,daily,2016041000,251342861
en.wikipedia,all-access,user,daily,2016041100,262527959
en.wikipedia,all-access,user,daily,2016041200,256188251
en.wikipedia,all-access,user,daily,2016041300,253213753
en.wikipedia,all-access,user,daily,2016041400,250288090
en.wikipedia,all-access,user,daily,2016041500,237333229
en.wikipedia,all-access,user,daily,2016041600,223588274
en.wikipedia,all-access,user,daily,2016041700,241987790
en.wikipedia,all-access,user,daily,2016041800,256349699
en.wikipedia,all-access,user,daily,2016041900,252334836
en.wikipedia,all-access,user,daily,2016042000,250852464
en.wikipedia,all-access,user,daily,2016042100,260133337
en.wikipedia,all-access,user,daily,2016042200,249076207
en.wikipedia,all-access,user,daily,2016042300,232323811
en.wikipedia,all-access,user,daily,2016042400,251566158
en.wikipedia,all-access,user,daily,2016042500,261988295
en.wikipedia,all-access,user,daily,2016042600,255178452
en.wikipedia,all-access,user,daily,2016042700,251675502
en.wikipedia,all-access,user,daily,2016042800,252253918
en.wikipedia,all-access,user,daily,2016042900,235333155
en.wikipedia,all-access,user,daily,2016043000,222542773
en.wikipedia,all-access,user,daily,2016050100,241391608
en.wikipedia,all-access,user,daily,2016050200,260890463
en.wikipedia,all-access,user,daily,2016050300,254610194
en.wikipedia,all-access,user,daily,2016050400,247941140
en.wikipedia,all-access,user,daily,2016050500,242905182
en.wikipedia,all-access,user,daily,2016050600,236336998
en.wikipedia,all-access,user,daily,2016050700,223246032
en.wikipedia,all-access,user,daily,2016050800,242158949
en.wikipedia,all-access,user,daily,2016050900,260607274
en.wikipedia,all-access,user,daily,2016051000,255842683
en.wikipedia,all-access,user,daily,2016051100,247444574
en.wikipedia,all-access,user,daily,2016051200,244961105
en.wikipedia,all-access,user,daily,2016051300,234082081
en.wikipedia,all-access,user,daily,2016051400,225479744
en.wikipedia,all-access,user,daily,2016051500,247165065
en.wikipedia,all-access,user,daily,2016051600,259369171
en.wikipedia,all-access,user,daily,2016051700,254733024
en.wikipedia,all-access,user,daily,2016051800,254614683
en.wikipedia,all-access,user,daily,2016051900,248668568
en.wikipedia,all-access,user,daily,2016052000,236046676
en.wikipedia,all-access,user,daily,2016052100,234167547
en.wikipedia,all-access,user,daily,2016052200,246007304
en.wikipedia,all-access,user,daily,2016052300,261501272
en.wikipedia,all-access,user,daily,2016052400,251787588
en.wikipedia,all-access,user,daily,2016052500,244033524
en.wikipedia,all-access,user,daily,2016052600,240865723
en.wikipedia,all-access,user,daily,2016052700,228592262
en.wikipedia,all-access,user,daily,2016052800,219739986
en.wikipedia,all-access,user,daily,2016052900,235891576
en.wikipedia,all-access,user,daily,2016053000,252463692
en.wikipedia,all-access,user,daily,2016053100,253265642
en.wikipedia,all-access,user,daily,2016060100,248901189
en.wikipedia,all-access,user,daily,2016060200,241185957
en.wikipedia,all-access,user,daily,2016060300,234048378
en.wikipedia,all-access,user,daily,2016060400,228626696
en.wikipedia,all-access,user,daily,2016060500,246702328
en.wikipedia,all-access,user,daily,2016060600,254017496
en.wikipedia,all-access,user,daily,2016060700,246797333
en.wikipedia,all-access,user,daily,2016060800,242504016
en.wikipedia,all-access,user,daily,2016060900,238571379
en.wikipedia,all-access,user,daily,2016061000,232617890
en.wikipedia,all-access,user,daily,2016061100,227269657
en.wikipedia,all-access,user,daily,2016061200,244813008
en.wikipedia,all-access,user,daily,2016061300,258159156
en.wikipedia,all-access,user,daily,2016061400,254079280
en.wikipedia,all-access,user,daily,2016061500,246888728
en.wikipedia,all-access,user,daily,2016061600,241274155
en.wikipedia,all-access,user,daily,2016061700,229181666
en.wikipedia,all-access,user,daily,2016061800,221183237
en.wikipedia,all-access,user,daily,2016061900,239549663
en.wikipedia,all-access,user,daily,2016062000,256234564
en.wikipedia,all-access,user,daily,2016062100,243966805
en.wikipedia,all-access,user,daily,2016062200,242748001
en.wikipedia,all-access,user,daily,2016062300,240622474
en.wikipedia,all-access,user,daily,2016062400,231356506
en.wikipedia,all-access,user,daily,2016062500,224818865
en.wikipedia,all-access,user,daily,2016062600,242498627
en.wikipedia,all-access,user,daily,2016062700,252711895
en.wikipedia,all-access,user,daily,2016062800,249446880
en.wikipedia,all-access,user,daily,2016062900,242849368
en.wikipedia,all-access,user,daily,2016063000,240005459
en.wikipedia,all-access,user,daily,2016070100,241804741
en.wikipedia,all-access,user,daily,2016070200,224794485
en.wikipedia,all-access,user,daily,2016070300,237266890
en.wikipedia,all-access,user,daily,2016070400,249996817
en.wikipedia,all-access,user,daily,2016070500,250445583
en.wikipedia,all-access,user,daily,2016070600,252155601
en.wikipedia,all-access,user,daily,2016070700,238585409
en.wikipedia,all-access,user,daily,2016070800,225932995
en.wikipedia,all-access,user,daily,2016070900,224300692
en.wikipedia,all-access,user,daily,2016071000,245752393
en.wikipedia,all-access,user,daily,2016071100,254683088
en.wikipedia,all-access,user,daily,2016071200,243881621
en.wikipedia,all-access,user,daily,2016071300,238997287
en.wikipedia,all-access,user,daily,2016071400,236068499
en.wikipedia,all-access,user,daily,2016071500,227662280
en.wikipedia,all-access,user,daily,2016071600,217292237
en.wikipedia,all-access,user,daily,2016071700,235660595
en.wikipedia,all-access,user,daily,2016071800,246973419
en.wikipedia,all-access,user,daily,2016071900,245179753
en.wikipedia,all-access,user,daily,2016072000,253902565
en.wikipedia,all-access,user,daily,2016072100,265557325
en.wikipedia,all-access,user,daily,2016072200,269109396
en.wikipedia,all-access,user,daily,2016072300,261027786
en.wikipedia,all-access,user,daily,2016072400,281328293
en.wikipedia,all-access,user,daily,2016072500,291335371
en.wikipedia,all-access,user,daily,2016072600,293394875
en.wikipedia,all-access,user,daily,2016072700,285127976
en.wikipedia,all-access,user,daily,2016072800,280465494
en.wikipedia,all-access,user,daily,2016072900,269934559
en.wikipedia,all-access,user,daily,2016073000,262754852
en.wikipedia,all-access,user,daily,2016073100,283066712
en.wikipedia,all-access,user,daily,2016080100,292881747
en.wikipedia,all-access,user,daily,2016080200,286258855
en.wikipedia,all-access,user,daily,2016080300,271128871
en.wikipedia,all-access,user,daily,2016080400,262188893
en.wikipedia,all-access,user,daily,2016080500,259826779
en.wikipedia,all-access,user,daily,2016080600,261281980
en.wikipedia,all-access,user,daily,2016080700,273717513
en.wikipedia,all-access,user,daily,2016080800,292929547
en.wikipedia,all-access,user,daily,2016080900,284956360
en.wikipedia,all-access,user,daily,2016081000,287278721
en.wikipedia,all-access,user,daily,2016081100,280354188
en.wikipedia,all-access,user,daily,2016081200,273926218
en.wikipedia,all-access,user,daily,2016081300,265195926
en.wikipedia,all-access,user,daily,2016081400,281323235
en.wikipedia,all-access,user,daily,2016081500,294542405
en.wikipedia,all-access,user,daily,2016081600,278581691
en.wikipedia,all-access,user,daily,2016081700,245208844
en.wikipedia,all-access,user,daily,2016081800,241404262
en.wikipedia,all-access,user,daily,2016081900,237081349
en.wikipedia,all-access,user,daily,2016082000,230071220
en.wikipedia,all-access,user,daily,2016082100,258757502
en.wikipedia,all-access,user,daily,2016082200,269855610
en.wikipedia,all-access,user,daily,2016082300,259103984
en.wikipedia,all-access,user,daily,2016082400,254312565
en.wikipedia,all-access,user,daily,2016082500,249185469
en.wikipedia,all-access,user,daily,2016082600,239779709
en.wikipedia,all-access,user,daily,2016082700,232894562
en.wikipedia,all-access,user,daily,2016082800,252621204
en.wikipedia,all-access,user,daily,2016082900,272145406
en.wikipedia,all-access,user,daily,2016083000,264555564
en.wikipedia,all-access,user,daily,2016083100,257515340
en.wikipedia,all-access,user,daily,2016090100,246228881
en.wikipedia,all-access,user,daily,2016090200,240052151
en.wikipedia,all-access,user,daily,2016090300,232693094
en.wikipedia,all-access,user,daily,2016090400,247890219
en.wikipedia,all-access,user,daily,2016090500,260598537
en.wikipedia,all-access,user,daily,2016090600,260128965
en.wikipedia,all-access,user,daily,2016090700,250861869
en.wikipedia,all-access,user,daily,2016090800,248972700
en.wikipedia,all-access,user,daily,2016090900,240127421
en.wikipedia,all-access,user,daily,2016091000,239570081
en.wikipedia,all-access,user,daily,2016091100,257068888
en.wikipedia,all-access,user,daily,2016091200,261070789
en.wikipedia,all-access,user,daily,2016091300,264395680
en.wikipedia,all-access,user,daily,2016091400,256093867
en.wikipedia,all-access,user,daily,2016091500,257501567
en.wikipedia,all-access,user,daily,2016091600,236661946
en.wikipedia,all-access,user,daily,2016091700,231399992
en.wikipedia,all-access,user,daily,2016091800,255970775
en.wikipedia,all-access,user,daily,2016091900,272319435
en.wikipedia,all-access,user,daily,2016092000,259812357
en.wikipedia,all-access,user,daily,2016092100,257708299
en.wikipedia,all-access,user,daily,2016092200,263129254
en.wikipedia,all-access,user,daily,2016092300,246006088
en.wikipedia,all-access,user,daily,2016092400,229090708
en.wikipedia,all-access,user,daily,2016092500,249305106
en.wikipedia,all-access,user,daily,2016092600,266939174
en.wikipedia,all-access,user,daily,2016092700,253433321
en.wikipedia,all-access,user,daily,2016092800,256484106
en.wikipedia,all-access,user,daily,2016092900,251464707
en.wikipedia,all-access,user,daily,2016093000,235312302
en.wikipedia,all-access,user,daily,2016100100,230026797
en.wikipedia,all-access,user,daily,2016100200,251724281
en.wikipedia,all-access,user,daily,2016100300,266148371
en.wikipedia,all-access,user,daily,2016100400,262061405
en.wikipedia,all-access,user,daily,2016100500,262692798
en.wikipedia,all-access,user,daily,2016100600,261477215
en.wikipedia,all-access,user,daily,2016100700,239559729
en.wikipedia,all-access,user,daily,2016100800,233470530
en.wikipedia,all-access,user,daily,2016100900,255867067
en.wikipedia,all-access,user,daily,2016101000,261515473
en.wikipedia,all-access,user,daily,2016101100,258666727
en.wikipedia,all-access,user,daily,2016101200,260830090
en.wikipedia,all-access,user,daily,2016101300,260654640
en.wikipedia,all-access,user,daily,2016101400,247316781
en.wikipedia,all-access,user,daily,2016101500,240077584
en.wikipedia,all-access,user,daily,2016101600,260776650
en.wikipedia,all-access,user,daily,2016101700,274322059
en.wikipedia,all-access,user,daily,2016101800,268054358
en.wikipedia,all-access,user,daily,2016101900,262441534
en.wikipedia,all-access,user,daily,2016102000,255898226
en.wikipedia,all-access,user,daily,2016102100,246409757
en.wikipedia,all-access,user,daily,2016102200,234711255
en.wikipedia,all-access,user,daily,2016102300,255354029
en.wikipedia,all-access,user,daily,2016102400,271076811
en.wikipedia,all-access,user,daily,2016102500,262744058
en.wikipedia,all-access,user,daily,2016102600,255736117
en.wikipedia,all-access,user,daily,2016102700,253613969
en.wikipedia,all-access,user,daily,2016102800,235688281
en.wikipedia,all-access,user,daily,2016102900,226475807
en.wikipedia,all-access,user,daily,2016103000,251087997
en.wikipedia,all-access,user,daily,2016103100,264541185
en.wikipedia,all-access,user,daily,2016110100,259117309
en.wikipedia,all-access,user,daily,2016110200,265813382
en.wikipedia,all-access,user,daily,2016110300,269852547
en.wikipedia,all-access,user,daily,2016110400,255121069
en.wikipedia,all-access,user,daily,2016110500,247660614
en.wikipedia,all-access,user,daily,2016110600,268353857
en.wikipedia,all-access,user,daily,2016110700,278864476
en.wikipedia,all-access,user,daily,2016110800,273132227
en.wikipedia,all-access,user,daily,2016110900,279444029
en.wikipedia,all-access,user,daily,2016111000,271600847
en.wikipedia,all-access,user,daily,2016111100,262508529
en.wikipedia,all-access,user,daily,2016111200,254356686
en.wikipedia,all-access,user,daily,2016111300,278391044
en.wikipedia,all-access,user,daily,2016111400,291636754
en.wikipedia,all-access,user,daily,2016111500,277129053
en.wikipedia,all-access,user,daily,2016111600,272426765
en.wikipedia,all-access,user,daily,2016111700,267608136
en.wikipedia,all-access,user,daily,2016111800,259068177
en.wikipedia,all-access,user,daily,2016111900,242531701
en.wikipedia,all-access,user,daily,2016112000,264779026
en.wikipedia,all-access,user,daily,2016112100,279770756
en.wikipedia,all-access,user,daily,2016112200,270293795
en.wikipedia,all-access,user,daily,2016112300,256154339
en.wikipedia,all-access,user,daily,2016112400,245500375
en.wikipedia,all-access,user,daily,2016112500,239235781
en.wikipedia,all-access,user,daily,2016112600,252501479
en.wikipedia,all-access,user,daily,2016112700,272899758
en.wikipedia,all-access,user,daily,2016112800,278382646
en.wikipedia,all-access,user,daily,2016112900,279781689
en.wikipedia,all-access,user,daily,2016113000,269196315
en.wikipedia,all-access,user,daily,2016120100,260066385
en.wikipedia,all-access,user,daily,2016120200,250255961
en.wikipedia,all-access,user,daily,2016120300,249758497
en.wikipedia,all-access,user,daily,2016120400,269615790
en.wikipedia,all-access,user,daily,2016120500,279924300
en.wikipedia,all-access,user,daily,2016120600,277206514
en.wikipedia,all-access,user,daily,2016120700,271690225
en.wikipedia,all-access,user,daily,2016120800,268541544
en.wikipedia,all-access,user,daily,2016120900,253639103
en.wikipedia,all-access,user,daily,2016121000,242696541
en.wikipedia,all-access,user,daily,2016121100,261336032
en.wikipedia,all-access,user,daily,2016121200,273023570
en.wikipedia,all-access,user,daily,2016121300,262975748
en.wikipedia,all-access,user,daily,2016121400,262107670
en.wikipedia,all-access,user,daily,2016121500,249227553
en.wikipedia,all-access,user,daily,2016121600,234612388
en.wikipedia,all-access,user,daily,2016121700,228264373
en.wikipedia,all-access,user,daily,2016121800,259846401
en.wikipedia,all-access,user,daily,2016121900,273998881
en.wikipedia,all-access,user,daily,2016122000,262946920
en.wikipedia,all-access,user,daily,2016122100,255436930
en.wikipedia,all-access,user,daily,2016122200,246234247
en.wikipedia,all-access,user,daily,2016122300,230865393
en.wikipedia,all-access,user,daily,2016122400,234194501
en.wikipedia,all-access,user,daily,2016122500,237753889
en.wikipedia,all-access,user,daily,2016122600,260389339
en.wikipedia,all-access,user,daily,2016122700,274080180
en.wikipedia,all-access,user,daily,2016122800,274697955
en.wikipedia,all-access,user,daily,2016122900,281605235
en.wikipedia,all-access,user,daily,2016123000,258525316
en.wikipedia,all-access,user,daily,2016123100,240635052
en.wikipedia,all-access,user,daily,2017010100,257199090
en.wikipedia,all-access,user,daily,2017010200,289715316
en.wikipedia,all-access,user,daily,2017010300,287019962
en.wikipedia,all-access,user,daily,2017010400,278697244
en.wikipedia,all-access,user,daily,2017010500,279026471
en.wikipedia,all-access,user,daily,2017010600,270693165
en.wikipedia,all-access,user,daily,2017010700,272476847
en.wikipedia,all-access,user,daily,2017010800,289987187
en.wikipedia,all-access,user,daily,2017010900,297811078
en.wikipedia,all-access,user,daily,2017011000,282557196
en.wikipedia,all-access,user,daily,2017011100,278248095
en.wikipedia,all-access,user,daily,2017011200,276128823
en.wikipedia,all-access,user,daily,2017011300,273968564
en.wikipedia,all-access,user,daily,2017011400,269994437
en.wikipedia,all-access,user,daily,2017011500,289171105
en.wikipedia,all-access,user,daily,2017011600,299618845
en.wikipedia,all-access,user,daily,2017011700,291774842
en.wikipedia,all-access,user,daily,2017011800,282653106
en.wikipedia,all-access,user,daily,2017011900,281094198
en.wikipedia,all-access,user,daily,2017012000,273712611
en.wikipedia,all-access,user,daily,2017012100,264983691
en.wikipedia,all-access,user,daily,2017012200,292964407
en.wikipedia,all-access,user,daily,2017012300,299450744
en.wikipedia,all-access,user,daily,2017012400,286912309
en.wikipedia,all-access,user,daily,2017012500,282298672
en.wikipedia,all-access,user,daily,2017012600,289850617
en.wikipedia,all-access,user,daily,2017012700,268555471
en.wikipedia,all-access,user,daily,2017012800,271016458
en.wikipedia,all-access,user,daily,2017012900,291350555
en.wikipedia,all-access,user,daily,2017013000,299500828
en.wikipedia,all-access,user,daily,2017013100,285510006
en.wikipedia,all-access,user,daily,2017020100,279977117
en.wikipedia,all-access,user,daily,2017020200,272267741
en.wikipedia,all-access,user,daily,2017020300,264058228
en.wikipedia,all-access,user,daily,2017020400,259707343
en.wikipedia,all-access,user,daily,2017020500,285537420
en.wikipedia,all-access,user,daily,2017020600,299438185
en.wikipedia,all-access,user,daily,2017020700,285256887
en.wikipedia,all-access,user,daily,2017020800,280026138
en.wikipedia,all-access,user,daily,2017020900,279445823
en.wikipedia,all-access,user,daily,2017021000,262683602
en.wikipedia,all-access,user,daily,2017021100,259409618
en.wikipedia,all-access,user,daily,2017021200,285158525
en.wikipedia,all-access,user,daily,2017021300,295633626
en.wikipedia,all-access,user,daily,2017021400,272347680
en.wikipedia,all-access,user,daily,2017021500,276481812
en.wikipedia,all-access,user,daily,2017021600,270277944
en.wikipedia,all-access,user,daily,2017021700,256844589
en.wikipedia,all-access,user,daily,2017021800,255349596
en.wikipedia,all-access,user,daily,2017021900,279523484
en.wikipedia,all-access,user,daily,2017022000,292354777
en.wikipedia,all-access,user,daily,2017022100,284115741
en.wikipedia,all-access,user,daily,2017022200,278198319
en.wikipedia,all-access,user,daily,2017022300,267769800
en.wikipedia,all-access,user,daily,2017022400,258449664
en.wikipedia,all-access,user,daily,2017022500,257961917
en.wikipedia,all-access,user,daily,2017022600,288334353
en.wikipedia,all-access,user,daily,2017022700,308156045
en.wikipedia,all-access,user,daily,2017022800,283697588
en.wikipedia,all-access,user,daily,2017030100,273828142
en.wikipedia,all-access,user,daily,2017030200,268935201
en.wikipedia,all-access,user,daily,2017030300,258540014
en.wikipedia,all-access,user,daily,2017030400,250948194
en.wikipedia,all-access,user,daily,2017030500,276142985
en.wikipedia,all-access,user,daily,2017030600,285320618
en.wikipedia,all-access,user,daily,2017030700,278448020
en.wikipedia,all-access,user,daily,2017030800,272834694
en.wikipedia,all-access,user,daily,2017030900,270854083
en.wikipedia,all-access,user,daily,2017031000,253765575
en.wikipedia,all-access,user,daily,2017031100,252396289
en.wikipedia,all-access,user,daily,2017031200,277467829
en.wikipedia,all-access,user,daily,2017031300,277408231
en.wikipedia,all-access,user,daily,2017031400,275499945
en.wikipedia,all-access,user,daily,2017031500,268412011
en.wikipedia,all-access,user,daily,2017031600,263317926
en.wikipedia,all-access,user,daily,2017031700,256323496
en.wikipedia,all-access,user,daily,2017031800,261568537
en.wikipedia,all-access,user,daily,2017031900,276319027
en.wikipedia,all-access,user,daily,2017032000,277801413
en.wikipedia,all-access,user,daily,2017032100,281922805
en.wikipedia,all-access,user,daily,2017032200,271012366
en.wikipedia,all-access,user,daily,2017032300,260601934
en.wikipedia,all-access,user,daily,2017032400,245566955
en.wikipedia,all-access,user,daily,2017032500,239863564
en.wikipedia,all-access,user,daily,2017032600,259778385
en.wikipedia,all-access,user,daily,2017032700,265401507
en.wikipedia,all-access,user,daily,2017032800,264167894
en.wikipedia,all-access,user,daily,2017032900,263276748
en.wikipedia,all-access,user,daily,2017033000,253901928
en.wikipedia,all-access,user,daily,2017033100,241839575
en.wikipedia,all-access,user,daily,2017040100,230419522
en.wikipedia,all-access,user,daily,2017040200,251457574
en.wikipedia,all-access,user,daily,2017040300,272061323
en.wikipedia,all-access,user,daily,2017040400,262827644
en.wikipedia,all-access,user,daily,2017040500,255639817
en.wikipedia,all-access,user,daily,2017040600,254099272
en.wikipedia,all-access,user,daily,2017040700,242698879
en.wikipedia,all-access,user,daily,2017040800,233230934
en.wikipedia,all-access,user,daily,2017040900,250629034
en.wikipedia,all-access,user,daily,2017041000,264154074
en.wikipedia,all-access,user,daily,2017041100,250240556
en.wikipedia,all-access,user,daily,2017041200,255669667
en.wikipedia,all-access,user,daily,2017041300,248450679
en.wikipedia,all-access,user,daily,2017041400,241546954
en.wikipedia,all-access,user,daily,2017041500,236139859
en.wikipedia,all-access,user,daily,2017041600,251794497
en.wikipedia,all-access,user,daily,2017041700,274086769
en.wikipedia,all-access,user,daily,2017041800,266916406
en.wikipedia,all-access,user,daily,2017041900,266664552
en.wikipedia,all-access,user,daily,2017042000,258896417
en.wikipedia,all-access,user,daily,2017042100,247393232
en.wikipedia,all-access,user,daily,2017042200,238820490
en.wikipedia,all-access,user,daily,2017042300,261255081
en.wikipedia,all-access,user,daily,2017042400,273337637
en.wikipedia,all-access,user,daily,2017042500,263350189
en.wikipedia,all-access,user,daily,2017042600,257528069
en.wikipedia,all-access,user,daily,2017042700,255523347
en.wikipedia,all-access,user,daily,2017042800,240484340
en.wikipedia,all-access,user,daily,2017042900,232167442
en.wikipedia,all-access,user,daily,2017043000,253595855
en.wikipedia,all-access,user,daily,2017050100,275977724
en.wikipedia,all-access,user,daily,2017050200,265862352
en.wikipedia,all-access,user,daily,2017050300,258532140
en.wikipedia,all-access,user,daily,2017050400,254563078
en.wikipedia,all-access,user,daily,2017050500,245278317
en.wikipedia,all-access,user,daily,2017050600,238331207
en.wikipedia,all-access,user,daily,2017050700,256674077
en.wikipedia,all-access,user,daily,2017050800,271345148
en.wikipedia,all-access,user,daily,2017050900,264175992
en.wikipedia,all-access,user,daily,2017051000,256871416
en.wikipedia,all-access,user,daily,2017051100,251472165
en.wikipedia,all-access,user,daily,2017051200,236455829
en.wikipedia,all-access,user,daily,2017051300,232298708
en.wikipedia,all-access,user,daily,2017051400,249109388
en.wikipedia,all-access,user,daily,2017051500,268622174
en.wikipedia,all-access,user,daily,2017051600,256905060
en.wikipedia,all-access,user,daily,2017051700,257516264
en.wikipedia,all-access,user,daily,2017051800,257557979
en.wikipedia,all-access,user,daily,2017051900,241773391
en.wikipedia,all-access,user,daily,2017052000,233969147
en.wikipedia,all-access,user,daily,2017052100,250815178
en.wikipedia,all-access,user,daily,2017052200,294194978
en.wikipedia,all-access,user,daily,2017052300,267636853
en.wikipedia,all-access,user,daily,2017052400,249190017
en.wikipedia,all-access,user,daily,2017052500,242354018
en.wikipedia,all-access,user,daily,2017052600,228718940
en.wikipedia,all-access,user,daily,2017052700,220897663
en.wikipedia,all-access,user,daily,2017052800,240063283
en.wikipedia,all-access,user,daily,2017052900,262255929
en.wikipedia,all-access,user,daily,2017053000,258298146
en.wikipedia,all-access,user,daily,2017053100,286841738
en.wikipedia,all-access,user,daily,2017060100,244044278
en.wikipedia,all-access,user,daily,2017060200,231445886
en.wikipedia,all-access,user,daily,2017060300,226987955
en.wikipedia,all-access,user,daily,2017060400,243615376
en.wikipedia,all-access,user,daily,2017060500,257693441
en.wikipedia,all-access,user,daily,2017060600,254412119
en.wikipedia,all-access,user,daily,2017060700,250408135
en.wikipedia,all-access,user,daily,2017060800,245829937
en.wikipedia,all-access,user,daily,2017060900,238268665
en.wikipedia,all-access,user,daily,2017061000,224300608
en.wikipedia,all-access,user,daily,2017061100,241797571
en.wikipedia,all-access,user,daily,2017061200,258062552
en.wikipedia,all-access,user,daily,2017061300,249088806
en.wikipedia,all-access,user,daily,2017061400,238520029
en.wikipedia,all-access,user,daily,2017061500,235948603
en.wikipedia,all-access,user,daily,2017061600,227245703
en.wikipedia,all-access,user,daily,2017061700,221464748
en.wikipedia,all-access,user,daily,2017061800,233163958
en.wikipedia,all-access,user,daily,2017061900,247399521
en.wikipedia,all-access,user,daily,2017062000,241695517
en.wikipedia,all-access,user,daily,2017062100,246742513
en.wikipedia,all-access,user,daily,2017062200,233912837
en.wikipedia,all-access,user,daily,2017062300,225519315
en.wikipedia,all-access,user,daily,2017062400,217803545
en.wikipedia,all-access,user,daily,2017062500,230026908
en.wikipedia,all-access,user,daily,2017062600,238229715
en.wikipedia,all-access,user,daily,2017062700,232644768
en.wikipedia,all-access,user,daily,2017062800,235281924
en.wikipedia,all-access,user,daily,2017062900,231746707
en.wikipedia,all-access,user,daily,2017063000,220632550
en.wikipedia,all-access,user,daily,2017070100,216145677
en.wikipedia,all-access,user,daily,2017070200,227650505
en.wikipedia,all-access,user,daily,2017070300,237434172
en.wikipedia,all-access,user,daily,2017070400,236337768
en.wikipedia,all-access,user,daily,2017070500,235037198
en.wikipedia,all-access,user,daily,2017070600,235594884
en.wikipedia,all-access,user,daily,2017070700,227693566
en.wikipedia,all-access,user,daily,2017070800,223556364
en.wikipedia,all-access,user,daily,2017070900,236896942
en.wikipedia,all-access,user,daily,2017071000,250953572
en.wikipedia,all-access,user,daily,2017071100,242459249
en.wikipedia,all-access,user,daily,2017071200,241957244
en.wikipedia,all-access,user,daily,2017071300,236797658
en.wikipedia,all-access,user,daily,2017071400,227003969
en.wikipedia,all-access,user,daily,2017071500,222827537
en.wikipedia,all-access,user,daily,2017071600,240521606
en.wikipedia,all-access,user,daily,2017071700,245935154
en.wikipedia,all-access,user,daily,2017071800,238369178
en.wikipedia,all-access,user,daily,2017071900,237238971
en.wikipedia,all-access,user,daily,2017072000,238216724
en.wikipedia,all-access,user,daily,2017072100,233927538
en.wikipedia,all-access,user,daily,2017072200,226546965
en.wikipedia,all-access,user,daily,2017072300,243900990
en.wikipedia,all-access,user,daily,2017072400,250562470
en.wikipedia,all-access,user,daily,2017072500,244274910
en.wikipedia,all-access,user,daily,2017072600,238832257
en.wikipedia,all-access,user,daily,2017072700,234221882
en.wikipedia,all-access,user,daily,2017072800,226922013
en.wikipedia,all-access,user,daily,2017072900,216858458
en.wikipedia,all-access,user,daily,2017073000,234511642
en.wikipedia,all-access,user,daily,2017073100,241316734
en.wikipedia,all-access,user,daily,2017080100,236121327
en.wikipedia,all-access,user,daily,2017080200,236176610
en.wikipedia,all-access,user,daily,2017080300,231499935
en.wikipedia,all-access,user,daily,2017080400,222142542
en.wikipedia,all-access,user,daily,2017080500,214372633
en.wikipedia,all-access,user,daily,2017080600,232128017
en.wikipedia,all-access,user,daily,2017080700,240987218
en.wikipedia,all-access,user,daily,2017080800,237674080
en.wikipedia,all-access,user,daily,2017080900,240278303
en.wikipedia,all-access,user,daily,2017081000,234771303
en.wikipedia,all-access,user,daily,2017081100,225165072
en.wikipedia,all-access,user,daily,2017081200,219733402
en.wikipedia,all-access,user,daily,2017081300,231044322
en.wikipedia,all-access,user,daily,2017081400,238159212
en.wikipedia,all-access,user,daily,2017081500,236436259
en.wikipedia,all-access,user,daily,2017081600,236464976
en.wikipedia,all-access,user,daily,2017081700,233515730
en.wikipedia,all-access,user,daily,2017081800,227433230
en.wikipedia,all-access,user,daily,2017081900,217964019
en.wikipedia,all-access,user,daily,2017082000,238861563
en.wikipedia,all-access,user,daily,2017082100,244165056
en.wikipedia,all-access,user,daily,2017082200,238595233
en.wikipedia,all-access,user,daily,2017082300,235228963
en.wikipedia,all-access,user,daily,2017082400,231218183
en.wikipedia,all-access,user,daily,2017082500,224391491
en.wikipedia,all-access,user,daily,2017082600,217703996
en.wikipedia,all-access,user,daily,2017082700,233112032
en.wikipedia,all-access,user,daily,2017082800,240579495
en.wikipedia,all-access,user,daily,2017082900,236728941
en.wikipedia,all-access,user,daily,2017083000,234600545
en.wikipedia,all-access,user,daily,2017083100,229724927
en.wikipedia,all-access,user,daily,2017090100,218138913
en.wikipedia,all-access,user,daily,2017090200,216563618
en.wikipedia,all-access,user,daily,2017090300,237152213
en.wikipedia,all-access,user,daily,2017090400,248685010
en.wikipedia,all-access,user,daily,2017090500,249562224
en.wikipedia,all-access,user,daily,2017090600,241512992
en.wikipedia,all-access,user,daily,2017090700,238816351
en.wikipedia,all-access,user,daily,2017090800,225822519
en.wikipedia,all-access,user,daily,2017090900,217548429
en.wikipedia,all-access,user,daily,2017091000,238384007
en.wikipedia,all-access,user,daily,2017091100,243613490
en.wikipedia,all-access,user,daily,2017091200,237288464
en.wikipedia,all-access,user,daily,2017091300,236317353
en.wikipedia,all-access,user,daily,2017091400,236182125
en.wikipedia,all-access,user,daily,2017091500,228605674
en.wikipedia,all-access,user,daily,2017091600,222072277
en.wikipedia,all-access,user,daily,2017091700,242158426
en.wikipedia,all-access,user,daily,2017091800,257407168
en.wikipedia,all-access,user,daily,2017091900,248729138
en.wikipedia,all-access,user,daily,2017092000,244313983
en.wikipedia,all-access,user,daily,2017092100,242989345
en.wikipedia,all-access,user,daily,2017092200,230153792
en.wikipedia,all-access,user,daily,2017092300,223104006
en.wikipedia,all-access,user,daily,2017092400,239078025
en.wikipedia,all-access,user,daily,2017092500,250950751
en.wikipedia,all-access,user,daily,2017092600,246101748
en.wikipedia,all-access,user,daily,2017092700,241404752
en.wikipedia,all-access,user,daily,2017092800,240791648
en.wikipedia,all-access,user,daily,2017092900,223389500
en.wikipedia,all-access,user,daily,2017093000,212214320
en.wikipedia,all-access,user,daily,2017100100,232711638
en.wikipedia,all-access,user,daily,2017100200,250788489
en.wikipedia,all-access,user,daily,2017100300,250577051
en.wikipedia,all-access,user,daily,2017100400,243789791
en.wikipedia,all-access,user,daily,2017100500,240826909
en.wikipedia,all-access,user,daily,2017100600,231682470
en.wikipedia,all-access,user,daily,2017100700,227297661
en.wikipedia,all-access,user,daily,2017100800,245048988
en.wikipedia,all-access,user,daily,2017100900,259336538
en.wikipedia,all-access,user,daily,2017101000,255349870
en.wikipedia,all-access,user,daily,2017101100,250769344
en.wikipedia,all-access,user,daily,2017101200,244786324
en.wikipedia,all-access,user,daily,2017101300,235065063
en.wikipedia,all-access,user,daily,2017101400,226588879
en.wikipedia,all-access,user,daily,2017101500,246737723
en.wikipedia,all-access,user,daily,2017101600,258033484
en.wikipedia,all-access,user,daily,2017101700,250691681
en.wikipedia,all-access,user,daily,2017101800,242103222
en.wikipedia,all-access,user,daily,2017101900,240624149
en.wikipedia,all-access,user,daily,2017102000,234169872
en.wikipedia,all-access,user,daily,2017102100,228130208
en.wikipedia,all-access,user,daily,2017102200,249192851
en.wikipedia,all-access,user,daily,2017102300,262350492
en.wikipedia,all-access,user,daily,2017102400,257594759
en.wikipedia,all-access,user,daily,2017102500,252555374
en.wikipedia,all-access,user,daily,2017102600,245021294
en.wikipedia,all-access,user,daily,2017102700,232561069
en.wikipedia,all-access,user,daily,2017102800,227873879
en.wikipedia,all-access,user,daily,2017102900,251117294
en.wikipedia,all-access,user,daily,2017103000,260757317
en.wikipedia,all-access,user,daily,2017103100,246638498
en.wikipedia,all-access,user,daily,2017110100,245997127
en.wikipedia,all-access,user,daily,2017110200,253643825
en.wikipedia,all-access,user,daily,2017110300,238078188
en.wikipedia,all-access,user,daily,2017110400,231904178
en.wikipedia,all-access,user,daily,2017110500,256429405
en.wikipedia,all-access,user,daily,2017110600,262311971
en.wikipedia,all-access,user,daily,2017110700,258324684
en.wikipedia,all-access,user,daily,2017110800,254965389
en.wikipedia,all-access,user,daily,2017110900,248586182
en.wikipedia,all-access,user,daily,2017111000,235358360
en.wikipedia,all-access,user,daily,2017111100,232644816
en.wikipedia,all-access,user,daily,2017111200,253127535
en.wikipedia,all-access,user,daily,2017111300,266751247
en.wikipedia,all-access,user,daily,2017111400,259460016
en.wikipedia,all-access,user,daily,2017111500,253678008
en.wikipedia,all-access,user,daily,2017111600,251793266
en.wikipedia,all-access,user,daily,2017111700,236822824
en.wikipedia,all-access,user,daily,2017111800,231826074
en.wikipedia,all-access,user,daily,2017111900,252684666
en.wikipedia,all-access,user,daily,2017112000,270098673
en.wikipedia,all-access,user,daily,2017112100,256641742
en.wikipedia,all-access,user,daily,2017112200,250952678
en.wikipedia,all-access,user,daily,2017112300,233493844
en.wikipedia,all-access,user,daily,2017112400,224892662
en.wikipedia,all-access,user,daily,2017112500,234940835
en.wikipedia,all-access,user,daily,2017112600,254249034
en.wikipedia,all-access,user,daily,2017112700,272091088
en.wikipedia,all-access,user,daily,2017112800,263236280
en.wikipedia,all-access,user,daily,2017112900,255233213
en.wikipedia,all-access,user,daily,2017113000,245855174
en.wikipedia,all-access,user,daily,2017120100,234766440
en.wikipedia,all-access,user,daily,2017120200,223279761
en.wikipedia,all-access,user,daily,2017120300,245819134
en.wikipedia,all-access,user,daily,2017120400,261649670
en.wikipedia,all-access,user,daily,2017120500,261203674
en.wikipedia,all-access,user,daily,2017120600,249286370
en.wikipedia,all-access,user,daily,2017120700,258083984
en.wikipedia,all-access,user,daily,2017120800,244266774
en.wikipedia,all-access,user,daily,2017120900,231974553
en.wikipedia,all-access,user,daily,2017121000,252218017
en.wikipedia,all-access,user,daily,2017121100,265949758
en.wikipedia,all-access,user,daily,2017121200,253321463
en.wikipedia,all-access,user,daily,2017121300,250093109
en.wikipedia,all-access,user,daily,2017121400,242477144
en.wikipedia,all-access,user,daily,2017121500,228605114
en.wikipedia,all-access,user,daily,2017121600,221668293
en.wikipedia,all-access,user,daily,2017121700,239034822
en.wikipedia,all-access,user,daily,2017121800,253744053
en.wikipedia,all-access,user,daily,2017121900,240056427
en.wikipedia,all-access,user,daily,2017122000,233037656
en.wikipedia,all-access,user,daily,2017122100,229031021
en.wikipedia,all-access,user,daily,2017122200,213598030
en.wikipedia,all-access,user,daily,2017122300,216040737
en.wikipedia,all-access,user,daily,2017122400,221519286
en.wikipedia,all-access,user,daily,2017122500,226745200
en.wikipedia,all-access,user,daily,2017122600,241982306
en.wikipedia,all-access,user,daily,2017122700,248393038
en.wikipedia,all-access,user,daily,2017122800,252833502
en.wikipedia,all-access,user,daily,2017122900,245708960
en.wikipedia,all-access,user,daily,2017123000,242828024
en.wikipedia,all-access,user,daily,2017123100,241311080
en.wikipedia,all-access,user,daily,2018010100,254004895
en.wikipedia,all-access,user,daily,2018010200,271970474
en.wikipedia,all-access,user,daily,2018010300,271754128
en.wikipedia,all-access,user,daily,2018010400,262030351
en.wikipedia,all-access,user,daily,2018010500,258797232
en.wikipedia,all-access,user,daily,2018010600,271726182
en.wikipedia,all-access,user,daily,2018010700,278262904
en.wikipedia,all-access,user,daily,2018010800,286077530
en.wikipedia,all-access,user,daily,2018010900,270794915
en.wikipedia,all-access,user,daily,2018011000,266009404
en.wikipedia,all-access,user,daily,2018011100,270478160
en.wikipedia,all-access,user,daily,2018011200,254774919
en.wikipedia,all-access,user,daily,2018011300,258228010
en.wikipedia,all-access,user,daily,2018011400,286198199
en.wikipedia,all-access,user,daily,2018011500,293352495
en.wikipedia,all-access,user,daily,2018011600,277937692
en.wikipedia,all-access,user,daily,2018011700,276807372
en.wikipedia,all-access,user,daily,2018011800,287623674
en.wikipedia,all-access,user,daily,2018011900,255037913
en.wikipedia,all-access,user,daily,2018012000,248678061
en.wikipedia,all-access,user,daily,2018012100,271949536
en.wikipedia,all-access,user,daily,2018012200,286744283
en.wikipedia,all-access,user,daily,2018012300,274131991
en.wikipedia,all-access,user,daily,2018012400,268980348
en.wikipedia,all-access,user,daily,2018012500,264998286
en.wikipedia,all-access,user,daily,2018012600,258082731
en.wikipedia,all-access,user,daily,2018012700,250203704
en.wikipedia,all-access,user,daily,2018012800,275092457
en.wikipedia,all-access,user,daily,2018012900,286403997
en.wikipedia,all-access,user,daily,2018013000,269390035
en.wikipedia,all-access,user,daily,2018013100,264594182
en.wikipedia,all-access,user,daily,2018020100,259389988
en.wikipedia,all-access,user,daily,2018020200,249143903
en.wikipedia,all-access,user,daily,2018020300,247616770
en.wikipedia,all-access,user,daily,2018020400,270954687
en.wikipedia,all-access,user,daily,2018020500,282862407
en.wikipedia,all-access,user,daily,2018020600,269835535
en.wikipedia,all-access,user,daily,2018020700,263535106
en.wikipedia,all-access,user,daily,2018020800,262974215
en.wikipedia,all-access,user,daily,2018020900,250503379
en.wikipedia,all-access,user,daily,2018021000,248228828
en.wikipedia,all-access,user,daily,2018021100,269435881
en.wikipedia,all-access,user,daily,2018021200,277064820
en.wikipedia,all-access,user,daily,2018021300,264501217
en.wikipedia,all-access,user,daily,2018021400,254280551
en.wikipedia,all-access,user,daily,2018021500,254650697
en.wikipedia,all-access,user,daily,2018021600,248825318
en.wikipedia,all-access,user,daily,2018021700,246495901
en.wikipedia,all-access,user,daily,2018021800,267296223
en.wikipedia,all-access,user,daily,2018021900,279634303
en.wikipedia,all-access,user,daily,2018022000,269090269
en.wikipedia,all-access,user,daily,2018022100,266536143
en.wikipedia,all-access,user,daily,2018022200,261945680
en.wikipedia,all-access,user,daily,2018022300,252988876
en.wikipedia,all-access,user,daily,2018022400,246446816
en.wikipedia,all-access,user,daily,2018022500,276984314
en.wikipedia,all-access,user,daily,2018022600,285124856
en.wikipedia,all-access,user,daily,2018022700,270896674
en.wikipedia,all-access,user,daily,2018022800,263091065
en.wikipedia,all-access,user,daily,2018030100,259948323
en.wikipedia,all-access,user,daily,2018030200,248193965
en.wikipedia,all-access,user,daily,2018030300,248455158
en.wikipedia,all-access,user,daily,2018030400,270825902
en.wikipedia,all-access,user,daily,2018030500,290259506
en.wikipedia,all-access,user,daily,2018030600,268181631
en.wikipedia,all-access,user,daily,2018030700,263749375
en.wikipedia,all-access,user,daily,2018030800,260216863
en.wikipedia,all-access,user,daily,2018030900,248118042
en.wikipedia,all-access,user,daily,2018031000,242508715
en.wikipedia,all-access,user,daily,2018031100,267327597
en.wikipedia,all-access,user,daily,2018031200,278573713
en.wikipedia,all-access,user,daily,2018031300,268124419
en.wikipedia,all-access,user,daily,2018031400,274436000
en.wikipedia,all-access,user,daily,2018031500,260369192
en.wikipedia,all-access,user,daily,2018031600,248456051
en.wikipedia,all-access,user,daily,2018031700,244307938
en.wikipedia,all-access,user,daily,2018031800,265322854
en.wikipedia,all-access,user,daily,2018031900,272784374
en.wikipedia,all-access,user,daily,2018032000,260811340
en.wikipedia,all-access,user,daily,2018032100,259485687
en.wikipedia,all-access,user,daily,2018032200,258118766
en.wikipedia,all-access,user,daily,2018032300,247161719
en.wikipedia,all-access,user,daily,2018032400,238161811
en.wikipedia,all-access,user,daily,2018032500,256805417
en.wikipedia,all-access,user,daily,2018032600,268421339
en.wikipedia,all-access,user,daily,2018032700,260428454
en.wikipedia,all-access,user,daily,2018032800,254185785
en.wikipedia,all-access,user,daily,2018032900,246477844
en.wikipedia,all-access,user,daily,2018033000,245116497
en.wikipedia,all-access,user,daily,2018033100,239811905
en.wikipedia,all-access,user,daily,2018040100,252675261
en.wikipedia,all-access,user,daily,2018040200,272919397
en.wikipedia,all-access,user,daily,2018040300,266684634
en.wikipedia,all-access,user,daily,2018040400,260871840
en.wikipedia,all-access,user,daily,2018040500,253103719
en.wikipedia,all-access,user,daily,2018040600,246901570
en.wikipedia,all-access,user,daily,2018040700,246829840
en.wikipedia,all-access,user,daily,2018040800,267289432
en.wikipedia,all-access,user,daily,2018040900,276232602
en.wikipedia,all-access,user,daily,2018041000,262767445
en.wikipedia,all-access,user,daily,2018041100,265038607
en.wikipedia,all-access,user,daily,2018041200,258728356
en.wikipedia,all-access,user,daily,2018041300,245229556
en.wikipedia,all-access,user,daily,2018041400,238878257
en.wikipedia,all-access,user,daily,2018041500,270245924
en.wikipedia,all-access,user,daily,2018041600,276097734
en.wikipedia,all-access,user,daily,2018041700,262640494
en.wikipedia,all-access,user,daily,2018041800,257893371
en.wikipedia,all-access,user,daily,2018041900,247415497
en.wikipedia,all-access,user,daily,2018042000,240716754
en.wikipedia,all-access,user,daily,2018042100,236492726
en.wikipedia,all-access,user,daily,2018042200,254709218
en.wikipedia,all-access,user,daily,2018042300,265359703
en.wikipedia,all-access,user,daily,2018042400,262869032
en.wikipedia,all-access,user,daily,2018042500,264210926
en.wikipedia,all-access,user,daily,2018042600,251982187
en.wikipedia,all-access,user,daily,2018042700,243941232
en.wikipedia,all-access,user,daily,2018042800,231240109
en.wikipedia,all-access,user,daily,2018042900,248990541
en.wikipedia,all-access,user,daily,2018043000,261397566
en.wikipedia,all-access,user,daily,2018050100,253688752
en.wikipedia,all-access,user,daily,2018050200,246476978
en.wikipedia,all-access,user,daily,2018050300,246863030
en.wikipedia,all-access,user,daily,2018050400,237574932
en.wikipedia,all-access,user,daily,2018050500,231603196
en.wikipedia,all-access,user,daily,2018050600,245260367
en.wikipedia,all-access,user,daily,2018050700,261996660
en.wikipedia,all-access,user,daily,2018050800,255885138
en.wikipedia,all-access,user,daily,2018050900,248229020
en.wikipedia,all-access,user,daily,2018051000,249614379
en.wikipedia,all-access,user,daily,2018051100,240662605
en.wikipedia,all-access,user,daily,2018051200,236043509
en.wikipedia,all-access,user,daily,2018051300,250153694
en.wikipedia,all-access,user,daily,2018051400,263683784
en.wikipedia,all-access,user,daily,2018051500,256633680
en.wikipedia,all-access,user,daily,2018051600,255813379
en.wikipedia,all-access,user,daily,2018051700,250659729
en.wikipedia,all-access,user,daily,2018051800,241236399
en.wikipedia,all-access,user,daily,2018051900,260179610
en.wikipedia,all-access,user,daily,2018052000,269896594
en.wikipedia,all-access,user,daily,2018052100,273821611
en.wikipedia,all-access,user,daily,2018052200,262074230
en.wikipedia,all-access,user,daily,2018052300,252193398
en.wikipedia,all-access,user,daily,2018052400,243245413
en.wikipedia,all-access,user,daily,2018052500,235636283
en.wikipedia,all-access,user,daily,2018052600,230043801
en.wikipedia,all-access,user,daily,2018052700,248939352
en.wikipedia,all-access,user,daily,2018052800,260256771
en.wikipedia,all-access,user,daily,2018052900,262022908
en.wikipedia,all-access,user,daily,2018053000,249923234
en.wikipedia,all-access,user,daily,2018053100,244528482
en.wikipedia,all-access,user,daily,2018060100,233478386
en.wikipedia,all-access,user,daily,2018060200,228228242
en.wikipedia,all-access,user,daily,2018060300,246384090
en.wikipedia,all-access,user,daily,2018060400,255182779
en.wikipedia,all-access,user,daily,2018060500,251398633
en.wikipedia,all-access,user,daily,2018060600,245931901
en.wikipedia,all-access,user,daily,2018060700,247617863
en.wikipedia,all-access,user,daily,2018060800,246414514
en.wikipedia,all-access,user,daily,2018060900,235968879
en.wikipedia,all-access,user,daily,2018061000,250044008
en.wikipedia,all-access,user,daily,2018061100,257687629
en.wikipedia,all-access,user,daily,2018061200,247936167
en.wikipedia,all-access,user,daily,2018061300,246159107
en.wikipedia,all-access,user,daily,2018061400,240557562
en.wikipedia,all-access,user,daily,2018061500,230006858
en.wikipedia,all-access,user,daily,2018061600,223349366
en.wikipedia,all-access,user,daily,2018061700,245184164
en.wikipedia,all-access,user,daily,2018061800,254251362
en.wikipedia,all-access,user,daily,2018061900,252069058
en.wikipedia,all-access,user,daily,2018062000,243144923
en.wikipedia,all-access,user,daily,2018062100,237336589
en.wikipedia,all-access,user,daily,2018062200,232476624
en.wikipedia,all-access,user,daily,2018062300,232793135
en.wikipedia,all-access,user,daily,2018062400,244154135
en.wikipedia,all-access,user,daily,2018062500,250770721
en.wikipedia,all-access,user,daily,2018062600,242378195